{"cameraMode":{"drawMode":0,"name":"Shaded","section":"Shading Mode"},"sceneLighting":false,"audioPlay":false,"sceneViewState":{"showFog":false,"showMaterialUpdate":false,"showSkybox":false,"showFlares":false,"showImageEffects":false,"showParticleSystems":false},"in2DMode":false,"pivot":{"x":118.28565979003906,"y":9.052483558654786,"z":58.79387283325195},"rotation":{"x":-0.24719180166721345,"y":0.07259124517440796,"z":-0.01857418566942215,"w":-0.9660651087760925},"size":22.582632064819337,"orthographic":false}