{"cameraMode":{"drawMode":0,"name":"Shaded","section":"Shading Mode"},"sceneLighting":true,"audioPlay":false,"sceneViewState":{"showFog":false,"showMaterialUpdate":false,"showSkybox":false,"showFlares":false,"showImageEffects":false,"showParticleSystems":false},"in2DMode":false,"pivot":{"x":1.6641902923583985,"y":-3.3571245670318605,"z":0.08101940155029297},"rotation":{"x":0.14715240895748139,"y":-0.4415125250816345,"z":0.07365871965885163,"w":0.8820358514785767},"size":22.19887351989746,"orthographic":false}