{"cameraMode":{"drawMode":0,"name":"Shaded","section":"Shading Mode"},"sceneLighting":false,"audioPlay":false,"sceneViewState":{"showFog":false,"showMaterialUpdate":false,"showSkybox":false,"showFlares":false,"showImageEffects":false,"showParticleSystems":false},"in2DMode":false,"pivot":{"x":118.42752075195313,"y":-1.8320283889770508,"z":49.005760192871097},"rotation":{"x":-0.3441007733345032,"y":-0.4742303490638733,"z":0.20837481319904328,"w":-0.7831221222877502},"size":32.85188293457031,"orthographic":false}