{"cameraMode":{"drawMode":0,"name":"Shaded","section":"Shading Mode"},"sceneLighting":false,"audioPlay":false,"sceneViewState":{"showFog":false,"showMaterialUpdate":false,"showSkybox":false,"showFlares":false,"showImageEffects":false,"showParticleSystems":false},"in2DMode":false,"pivot":{"x":-34.49778366088867,"y":-24.45186996459961,"z":13.792856216430664},"rotation":{"x":0.18952028453350068,"y":-0.7039012908935547,"z":0.20417164266109467,"w":0.6533903479576111},"size":23.33452796936035,"orthographic":false}