{"cameraMode":{"drawMode":0,"name":"Shaded","section":"Shading Mode"},"sceneLighting":true,"audioPlay":false,"sceneViewState":{"showFog":false,"showMaterialUpdate":false,"showSkybox":false,"showFlares":false,"showImageEffects":false,"showParticleSystems":false},"in2DMode":false,"pivot":{"x":-2.6084957122802736,"y":9.709878921508789,"z":-28.17142677307129},"rotation":{"x":-0.15020154416561128,"y":-0.8489784598350525,"z":0.3779204785823822,"w":-0.33741870522499087},"size":31.004837036132814,"orthographic":false}