{"cameraMode":{"drawMode":0,"name":"Shaded","section":"Shading Mode"},"sceneLighting":false,"audioPlay":false,"sceneViewState":{"showFog":false,"showMaterialUpdate":false,"showSkybox":false,"showFlares":false,"showImageEffects":false,"showParticleSystems":false},"in2DMode":false,"pivot":{"x":0.25680914521217348,"y":0.05037941783666611,"z":0.7141203880310059},"rotation":{"x":0.009260266087949276,"y":-0.9885222315788269,"z":0.13457965850830079,"w":0.0680178850889206},"size":2.5319430828094484,"orthographic":false}