{"cameraMode":{"drawMode":0,"name":"Shaded","section":"Shading Mode"},"sceneLighting":true,"audioPlay":false,"sceneViewState":{"showFog":false,"showMaterialUpdate":false,"showSkybox":false,"showFlares":false,"showImageEffects":false,"showParticleSystems":false},"in2DMode":false,"pivot":{"x":1.799856185913086,"y":-1.2310667037963868,"z":0.8631458282470703},"rotation":{"x":0.1690724939107895,"y":-0.8081400394439697,"z":0.2784443497657776,"w":0.49070656299591067},"size":22.87069320678711,"orthographic":false}