{"cameraMode":{"drawMode":0,"name":"Shaded","section":"Shading Mode"},"sceneLighting":false,"audioPlay":false,"sceneViewState":{"showFog":false,"showMaterialUpdate":false,"showSkybox":false,"showFlares":false,"showImageEffects":false,"showParticleSystems":false},"in2DMode":false,"pivot":{"x":-0.32974278926849368,"y":0.004342019557952881,"z":0.03021019697189331},"rotation":{"x":0.009260266087949276,"y":-0.9885222315788269,"z":0.13457965850830079,"w":0.0680178850889206},"size":2.2696216106414797,"orthographic":false}