{"cameraMode":{"drawMode":0,"name":"Shaded","section":"Shading Mode"},"sceneLighting":false,"audioPlay":false,"sceneViewState":{"showFog":false,"showMaterialUpdate":false,"showSkybox":false,"showFlares":false,"showImageEffects":false,"showParticleSystems":false},"in2DMode":false,"pivot":{"x":101.23774719238281,"y":2.8062620162963869,"z":52.37372970581055},"rotation":{"x":0.05561356991529465,"y":-0.9210850596427918,"z":0.3577866852283478,"w":0.14317192137241364},"size":18.26195526123047,"orthographic":false}