{"cameraMode":{"drawMode":0,"name":"Shaded","section":"Shading Mode"},"sceneLighting":false,"audioPlay":false,"sceneViewState":{"showFog":false,"showMaterialUpdate":false,"showSkybox":false,"showFlares":false,"showImageEffects":false,"showParticleSystems":false},"in2DMode":false,"pivot":{"x":-28.448122024536134,"y":-23.56396484375,"z":-3.7247133255004885},"rotation":{"x":-0.21579383313655854,"y":-0.3830047845840454,"z":0.09251072257757187,"w":-0.8934104442596436},"size":10.732891082763672,"orthographic":false}