{"cameraMode":{"drawMode":0,"name":"Shaded","section":"Shading Mode"},"sceneLighting":false,"audioPlay":false,"sceneViewState":{"showFog":false,"showMaterialUpdate":false,"showSkybox":false,"showFlares":false,"showImageEffects":false,"showParticleSystems":false},"in2DMode":false,"pivot":{"x":0.6076925992965698,"y":-0.0068749189376831059,"z":0.1492273211479187},"rotation":{"x":0.009260266087949276,"y":-0.9885222315788269,"z":0.13457965850830079,"w":0.0680178850889206},"size":2.4965932369232179,"orthographic":false}