{"cameraMode":{"drawMode":0,"name":"Shaded","section":"Shading Mode"},"sceneLighting":false,"audioPlay":false,"sceneViewState":{"showFog":false,"showMaterialUpdate":false,"showSkybox":false,"showFlares":false,"showImageEffects":false,"showParticleSystems":false},"in2DMode":false,"pivot":{"x":-0.35516759753227236,"y":0.02058887481689453,"z":1.1746478080749512},"rotation":{"x":0.009260266087949276,"y":-0.9885222315788269,"z":0.13457965850830079,"w":0.0680178850889206},"size":2.451504707336426,"orthographic":false}