{"cameraMode":{"drawMode":0,"name":"Shaded","section":"Shading Mode"},"sceneLighting":false,"audioPlay":false,"sceneViewState":{"showFog":false,"showMaterialUpdate":false,"showSkybox":false,"showFlares":false,"showImageEffects":false,"showParticleSystems":false},"in2DMode":false,"pivot":{"x":-0.8182150721549988,"y":-0.0016211196780204774,"z":-0.10261952877044678},"rotation":{"x":0.009260266087949276,"y":-0.9885222315788269,"z":0.13457965850830079,"w":0.0680178850889206},"size":0.6456588506698608,"orthographic":false}