{"cameraMode":{"drawMode":0,"name":"Shaded","section":"Shading Mode"},"sceneLighting":false,"audioPlay":false,"sceneViewState":{"showFog":false,"showMaterialUpdate":false,"showSkybox":false,"showFlares":false,"showImageEffects":false,"showParticleSystems":false},"in2DMode":false,"pivot":{"x":257.1473083496094,"y":-118.52328491210938,"z":79.74484252929688},"rotation":{"x":0.09326386451721192,"y":-0.8952372074127197,"z":0.37428733706474306,"w":0.22307248413562776},"size":551.6597900390625,"orthographic":false}