{"cameraMode":{"drawMode":0,"name":"Shaded","section":"Shading Mode"},"sceneLighting":false,"audioPlay":false,"sceneViewState":{"showFog":false,"showMaterialUpdate":false,"showSkybox":false,"showFlares":false,"showImageEffects":false,"showParticleSystems":false},"in2DMode":false,"pivot":{"x":103.0303955078125,"y":1.1573152542114258,"z":53.83626937866211},"rotation":{"x":0.13172002136707307,"y":-0.8564141988754273,"z":0.2677394449710846,"w":0.4213315546512604},"size":11.675800323486329,"orthographic":false}